Sicilia,Agrigento
Piemonte,Alessandria
Marche,Ancona
Valle d'Aosta,Aosta
Toscana,Arezzo
Marche,Ascoli Piceno
Piemonte,Asti
Campania,Avellino
Puglia,Bari
Veneto,Belluno
Campania,Benevento
Lombardia,Bergamo
Piemonte,Biella
Emilia-Romagna,Bologna
Trentino-Alto Adige,Bolzano
Lombardia,Brescia
Puglia,Brindisi
Sardegna,Cagliari
Sicilia,Caltanissetta
Molise,Campobasso
Campania,Caserta
Sicilia,Catania
Calabria,Catanzaro
Abruzzo,Chieti
Lombardia,Como
Calabria,Cosenza
Lombardia,Cremona
Calabria,Crotone
Piemonte,Cuneo
Sicilia,Enna
Emilia-Romagna,Ferrara
Toscana,Firenze
Puglia,Foggia
Emilia-Romagna,Forli'-Cesena
Lazio,Frosinone
Liguria,Genova
Friuli-Venezia Giulia,Gorizia
Toscana,Grosseto
Liguria,Imperia
Molise,Isernia
Liguria,La Spezia
Abruzzo,L'Aquila
Lazio,Latina
Puglia,Lecce
Lombardia,Lecco
Toscana,Livorno
Lombardia,Lodi
Toscana,Lucca
Marche,Macerata
Lombardia,Mantova
Toscana,Massa-Carrara
Basilicata,Matera
Sicilia,Messina
Lombardia,Milano
Emilia-Romagna,Modena
Campania,Napoli
Piemonte,Novara
Sardegna,Nuoro
Sardegna,Oristano
Veneto,Padova
Sicilia,Palermo
Emilia-Romagna,Parma
Lombardia,Pavia
Umbria,Perugia
Marche,Pesaro e Urbino
Abruzzo,Pescara
Emilia-Romagna,Piacenza
Toscana,Pisa
Toscana,Pistoia
Friuli-Venezia Giulia,Pordenone
Basilicata,Potenza
Toscana,Prato
Sicilia,Ragusa
Emilia-Romagna,Ravenna
Calabria,Reggio di Calabria
Emilia-Romagna,Reggio nell'Emilia
Lazio,Rieti
Emilia-Romagna,Rimini
Lazio,Roma
Veneto,Rovigo
Campania,Salerno
Sardegna,Sassari
Liguria,Savona
Toscana,Siena
Sicilia,Siracusa
Lombardia,Sondrio
Puglia,Taranto
Abruzzo,Teramo
Umbria,Terni
Piemonte,Torino
Sicilia,Trapani
Trentino-Alto Adige,Trento
Veneto,Treviso
Friuli-Venezia Giulia,Trieste
Friuli-Venezia Giulia,Udine
Lombardia,Varese
Veneto,Venezia
Piemonte,Verbano-Cusio-Ossola
Piemonte,Vercelli
Veneto,Verona
Calabria,Vibo Valentia
Veneto,Vicenza
Lazio,Viterbo
